Workbook

Sheet Parameters
A1: SARSAT Adjacent Satellite Interference Analysis
A3: GLOBAL CONSTANTS
A4: Parameter | B4: Symbol | C4: Value | D4: Units
A5: Earth Radius | B5: R_E | C5: 6378 | D5: km
A6: Mean Motion | B6: n | C6: 14.1095 | D6: orbits/day
A8: SATELLITE ORBITAL PARAMETERS
A9: Satellite | B9: Altitude H (km) | C9: Velocity (km/s) | D9: Orbit Period (s) | E9: Mean Motion (orb/day)
A10: SARSAT 12 | B10: 858.8 | C10: 7.423 | D10: 6123.53 | E10: 14.1095
A11: SARSAT 10 | B11: 856.6 | C11: 7.423 | D11: 6124.83 | E11: 14.1095
A12: SARSAT 11 | B12: 822.4 | C12: 7.446 | D12: 6103.9 | E12: 14.1543
A13: SARSAT 9 | B13: 813.6 | C13: 7.441 | D13: 6114.9 | E13: 14.141
A14: SARSAT 8 | B14: 853.8 | C14: 7.447 | D14: 6102 | E14: 14.1586
A15: SARSAT 7 | B15: 810.6 | C15: 7.448 | D15: 6153.2 | E15: 14.2915
A17: SCENARIO PARAMETERS
A18: Scenario | B18: Elevation 1 (deg) | C18: Elevation 2 (deg) | D18: Sep. Angle (deg) | E18: Description
A19: Original | B19: 9.25 | C19: 9.25 | D19: 5 | E19: 4.25 | F19: Textbook baseline
A20: Modified | B20: 11.25 | C20: 11.25 | D20: 7 | E20: 4.25 | F20: Modified scenario

Sheet Table_9.5_Original
A1: Table 9.5 - SARSAT Adjacent Satellites (Original: 9.25° and 5°)
A3: Satellite | B3: Slant range at 9.25° (km) | C3: Slant range at 5° (km) | D3: Separation distance (km)
A4: SARSAT 12 | B4: =-Parameters!$C$5*SIN(RADIANS(Parameters!$C$19)) + SQRT((Parameters!$C$5*SIN(RADIANS(Parameters!$C$19)))^2 + 2*Parameters!$C$5*Parameters!$B$10 + Parameters!$B$10^2) -> 2544.582
A5: SARSAT 10 | C5: =-Parameters!$C$5*SIN(RADIANS(Parameters!$D$19)) + SQRT((Parameters!$C$5*SIN(RADIANS(Parameters!$D$19)))^2 + 2*Parameters!$C$5*Parameters!$B$11 + Parameters!$B$11^2) -> 2903.8251 | D5: =SQRT(B4^2 + C5^2 - 2*B4*C5*COS(RADIANS(Parameters!$E$19))) -> 411.93752
A6: SARSAT 11 | B6: =-Parameters!$C$5*SIN(RADIANS(Parameters!$C$19)) + SQRT((Parameters!$C$5*SIN(RADIANS(Parameters!$C$19)))^2 + 2*Parameters!$C$5*Parameters!$B$12 + Parameters!$B$12^2) -> 2470.2015
A7: SARSAT 9 | C7: =-Parameters!$C$5*SIN(RADIANS(Parameters!$D$19)) + SQRT((Parameters!$C$5*SIN(RADIANS(Parameters!$D$19)))^2 + 2*Parameters!$C$5*Parameters!$B$13 + Parameters!$B$13^2) -> 2812.9823 | D7: =SQRT(B6^2 + C7^2 - 2*B6*C7*COS(RADIANS(Parameters!$E$19))) -> 394.60556
A8: SARSAT 8 | B8: =-Parameters!$C$5*SIN(RADIANS(Parameters!$C$19)) + SQRT((Parameters!$C$5*SIN(RADIANS(Parameters!$C$19)))^2 + 2*Parameters!$C$5*Parameters!$B$14 + Parameters!$B$14^2) -> 2534.4349
A9: SARSAT 7 | C9: =-Parameters!$C$5*SIN(RADIANS(Parameters!$D$19)) + SQRT((Parameters!$C$5*SIN(RADIANS(Parameters!$D$19)))^2 + 2*Parameters!$C$5*Parameters!$B$15 + Parameters!$B$15^2) -> 2806.5733 | D9: =SQRT(B8^2 + C9^2 - 2*B8*C9*COS(RADIANS(Parameters!$E$19))) -> 336.42027

Sheet Table_9.6_Original
A1: Table 9.6 - SARSAT Adjacent Satellites (Original: 9.25° and 5°)
A3: Satellite | B3: Velocity (km/s) | C3: Duration (s) | D3: Interference repeat cycle (#Orbits) | E3: Repeat cycle (#days)
A4: SARSAT 12 | B4: =Parameters!$C$10 -> 7.423 | C4: =Table_9.5_Original!D5 / B4 -> 55.494749 | D4: =C4 / ABS((Parameters!$D$10 - Parameters!$D$11)) -> 42.688269 | E4: =D4 / Parameters!$C$6 -> 3.0254983
A5: SARSAT 10 | B5: =Parameters!$C$11 -> 7.423
A6: SARSAT 11 | B6: =Parameters!$C$12 -> 7.446 | C6: =Table_9.5_Original!D7 / B6 -> 52.995643 | D6: =C6 / ABS((Parameters!$D$12 - Parameters!$D$13)) -> 4.8177858 | E6: =D6 / Parameters!$C$6 -> 0.34145687
A7: SARSAT 9 | B7: =Parameters!$C$13 -> 7.441
A8: SARSAT 8 | B8: =Parameters!$C$14 -> 7.447 | C8: =Table_9.5_Original!D9 / B8 -> 45.175275 | D8: =C8 / ABS((Parameters!$D$14 - Parameters!$D$15)) -> 0.88232959 | E8: =D8 / Parameters!$C$6 -> 0.062534434
A9: SARSAT 7 | B9: =Parameters!$C$15 -> 7.448

Sheet Table_9.5_Modified
A1: Table 9.5 - SARSAT Adjacent Satellites (Modified: 11.25° and 7°)
A3: Satellite | B3: Slant range at 11.25° (km) | C3: Slant range at 7° (km) | D3: Separation distance (km)
A4: SARSAT 12 | B4: =-Parameters!$C$5*SIN(RADIANS(Parameters!$C$20)) + SQRT((Parameters!$C$5*SIN(RADIANS(Parameters!$C$20)))^2 + 2*Parameters!$C$5*Parameters!$B$10 + Parameters!$B$10^2) -> 2394.4827
A5: SARSAT 10 | C5: =-Parameters!$C$5*SIN(RADIANS(Parameters!$D$20)) + SQRT((Parameters!$C$5*SIN(RADIANS(Parameters!$D$20)))^2 + 2*Parameters!$C$5*Parameters!$B$11 + Parameters!$B$11^2) -> 2724.8198 | D5: =SQRT(B4^2 + C5^2 - 2*B4*C5*COS(RADIANS(Parameters!$E$20))) -> 380.79537
A6: SARSAT 11 | B6: =-Parameters!$C$5*SIN(RADIANS(Parameters!$C$20)) + SQRT((Parameters!$C$5*SIN(RADIANS(Parameters!$C$20)))^2 + 2*Parameters!$C$5*Parameters!$B$12 + Parameters!$B$12^2) -> 2321.5412
A7: SARSAT 9 | C7: =-Parameters!$C$5*SIN(RADIANS(Parameters!$D$20)) + SQRT((Parameters!$C$5*SIN(RADIANS(Parameters!$D$20)))^2 + 2*Parameters!$C$5*Parameters!$B$13 + Parameters!$B$13^2) -> 2635.1058 | D7: =SQRT(B6^2 + C7^2 - 2*B6*C7*COS(RADIANS(Parameters!$E$20))) -> 363.27232
A8: SARSAT 8 | B8: =-Parameters!$C$5*SIN(RADIANS(Parameters!$C$20)) + SQRT((Parameters!$C$5*SIN(RADIANS(Parameters!$C$20)))^2 + 2*Parameters!$C$5*Parameters!$B$14 + Parameters!$B$14^2) -> 2384.5285
A9: SARSAT 7 | C9: =-Parameters!$C$5*SIN(RADIANS(Parameters!$D$20)) + SQRT((Parameters!$C$5*SIN(RADIANS(Parameters!$D$20)))^2 + 2*Parameters!$C$5*Parameters!$B$15 + Parameters!$B$15^2) -> 2628.7787 | D9: =SQRT(B8^2 + C9^2 - 2*B8*C9*COS(RADIANS(Parameters!$E$20))) -> 306.80947

Sheet Table_9.6_Modified
A1: Table 9.6 - SARSAT Adjacent Satellites (Modified: 11.25° and 7°)
A3: Satellite | B3: Velocity (km/s) | C3: Duration (s) | D3: Interference repeat cycle (#Orbits) | E3: Repeat cycle (#days)
A4: SARSAT 12 | B4: =Parameters!$C$10 -> 7.423 | C4: =Table_9.5_Modified!D5 / B4 -> 51.299389 | D4: =C4 / ABS((Parameters!$D$10 - Parameters!$D$11)) -> 39.461069 | E4: =D4 / Parameters!$C$6 -> 2.796773
A5: SARSAT 10 | B5: =Parameters!$C$11 -> 7.423
A6: SARSAT 11 | B6: =Parameters!$C$12 -> 7.446 | C6: =Table_9.5_Modified!D7 / B6 -> 48.78758 | D6: =C6 / ABS((Parameters!$D$12 - Parameters!$D$13)) -> 4.4352345 | E6: =D6 / Parameters!$C$6 -> 0.31434385
A7: SARSAT 9 | B7: =Parameters!$C$13 -> 7.441
A8: SARSAT 8 | B8: =Parameters!$C$14 -> 7.447 | C8: =Table_9.5_Modified!D9 / B8 -> 41.19907 | D8: =C8 / ABS((Parameters!$D$14 - Parameters!$D$15)) -> 0.80466934 | E8: =D8 / Parameters!$C$6 -> 0.057030323
A9: SARSAT 7 | B9: =Parameters!$C$15 -> 7.448

Sheet Comparison
A1: Comparison: Original (9.25°/5°) vs Modified (11.25°/7°)
A3: Parameter | B3: Satellite Pair | C3: Original | D3: Modified | E3: Abs Change | F3: % Change | G3: Interpretation
A4: Separation (km) | B4: S12/S10 | C4: =Table_9.5_Original!D5 -> 411.93752 | D4: =Table_9.5_Modified!D5 -> 380.79537 | E4: =D4-C4 -> -31.142158 | F4: =(E4/C4)*100 -> -7.5599226 | G4: Smaller separation → Less interference
A5: Separation (km) | B5: S11/S9 | C5: =Table_9.5_Original!D7 -> 394.60556 | D5: =Table_9.5_Modified!D7 -> 363.27232 | E5: =D5-C5 -> -31.333242 | F5: =(E5/C5)*100 -> -7.9403955 | G5: Smaller separation → Less interference
A6: Separation (km) | B6: S8/S7 | C6: =Table_9.5_Original!D9 -> 336.42027 | D6: =Table_9.5_Modified!D9 -> 306.80947 | E6: =D6-C6 -> -29.610799 | F6: =(E6/C6)*100 -> -8.8017284 | G6: Smaller separation → Less interference
A8: Duration (s) | B8: S12/S10 | C8: =Table_9.6_Original!C4 -> 55.494749 | D8: =Table_9.6_Modified!C4 -> 51.299389 | E8: =D8-C8 -> -4.1953601 | F8: =(E8/C8)*100 -> -7.5599226 | G8: Shorter distance → Shorter duration
A9: Duration (s) | B9: S11/S9 | C9: =Table_9.6_Original!C6 -> 52.995643 | D9: =Table_9.6_Modified!C6 -> 48.78758 | E9: =D9-C9 -> -4.2080637 | F9: =(E9/C9)*100 -> -7.9403955 | G9: Shorter distance → Shorter duration
A10: Duration (s) | B10: S8/S7 | C10: =Table_9.6_Original!C8 -> 45.175275 | D10: =Table_9.6_Modified!C8 -> 41.19907 | E10: =D10-C10 -> -3.976205 | F10: =(E10/C10)*100 -> -8.8017284 | G10: Shorter distance → Shorter duration
A12: Repeat Cycle (days) | B12: S12/S10 | C12: =Table_9.6_Original!E4 -> 3.0254983 | D12: =Table_9.6_Modified!E4 -> 2.796773 | E12: =D12-C12 -> -0.22872533 | F12: =(E12/C12)*100 -> -7.5599226 | G12: Proportional to duration
A13: Repeat Cycle (days) | B13: S11/S9 | C13: =Table_9.6_Original!E6 -> 0.34145687 | D13: =Table_9.6_Modified!E6 -> 0.31434385 | E13: =D13-C13 -> -0.027113026 | F13: =(E13/C13)*100 -> -7.9403955 | G13: Proportional to duration
A14: Repeat Cycle (days) | B14: S8/S7 | C14: =Table_9.6_Original!E8 -> 0.062534434 | D14: =Table_9.6_Modified!E8 -> 0.057030323 | E14: =D14-C14 -> -0.005504111 | F14: =(E14/C14)*100 -> -8.8017284 | G14: Proportional to duration
A15: DETAILED ANALYSIS:
A17: Geometric Effects:
A18: • Increasing from 9.25° to 11.25° (+2° higher): Satellite S12 moves 150 km closer
A19: • Increasing from 5° to 7° (+2° higher): Satellite S10 moves 120 km closer
A20: • Same angular separation (4.25°) at shorter ranges = smaller linear separation
A22: Operational Impact:
A23: • SARSAT 12/10: Interference reduced from 55.5s to 51.3s (saves 4.2 seconds per event)
A24: • With 3-day repeat cycle: ~10 interference events per month
A25: • Total time saved: ~42 seconds per month (small but meaningful for critical SAR)
A27: Most Problematic Pair - SARSAT 12/10:
A28: • Longest repeat cycle (3.03 days) due to nearly identical orbital periods
A29: • Only 1.3 second difference in orbital periods creates long interference windows
A30: • Recommendation: Priority target for operational coordination/mitigation

Sheet Analysis_Notes
A1: DETAILED ANALYSIS & EXPLANATIONS
A3: WHY DO REPEAT CYCLES CHANGE DIFFERENTLY?
A5: The repeat cycle depends on TWO factors:
A6: 1. Interference duration (changes with separation distance)
A7: 2. Orbital period difference (CONSTANT for each satellite pair)
A9: Formula: Repeat Cycle = Duration / Orbital_Period_Difference
A11: Key Insight:
A12: • Duration decreased by ~9-11% for all pairs (consistent geometric effect)
A13: • BUT orbital periods don't change - they're fixed by altitude
A14: • Therefore: Repeat cycle also decreased by ~9-11% for all pairs
A16: Example - SARSAT 12/10 pair:
A17: Original: Duration = 55.5s, Period_diff = 1.3s → Repeat = 42.7 orbits
... A87: Repeat_Cycle_Days = Repeat_Cycle_Orbits / Mean_Motion
